{"usd_usd":{"sell":1,"buy":1},"usd_ars":{"sell":12.5,"buy":12.6},"usd_uyu":{"sell":22.99545,"buy":22.99545},"usd_brl":{"sell":2.22765,"buy":2.22765},"usd_clp":{"sell":563.4245,"buy":563.4245},"usd_sgd":{"sell":1.24186,"buy":1.24186},"usd_eur":{"sell":0.744605,"buy":0.744605},"usd_vef":{"sell":72.514,"buy":72.514},"usd_btc":{"sell":0.0016744528725239026,"buy":0.0016773457680566274},"usd_ltc":{"sell":0.1303076165388251,"buy":0.13002680372531997},"usd_ftc":{"sell":33.406270356945996,"buy":27.854377315395112},"ars_usd":{"sell":0.08,"buy":0.07936507936507936},"ars_ars":{"sell":1,"buy":1},"ars_uyu":{"sell":1.8324180072127423,"buy":1.8176251757516442},"ars_brl":{"sell":0.17751276768958493,"buy":0.1760797341545023},"ars_clp":{"sell":44.89108738705045,"buy":44.53466037130311},"ars_sgd":{"sell":0.09894572526129494,"buy":0.09816011431648158},"ars_eur":{"sell":0.05932473188633252,"buy":0.05885469023151076},"ars_vef":{"sell":5.815690553071783,"buy":5.773999750794343},"ars_btc":{"sell":0.00013395622980191222,"buy":0.00013312268000449423},"ars_ltc":{"sell":0.010360110580194292,"buy":0.010279743629690674},"ars_ftc":{"sell":2.671386115470664,"buy":2.210295467877555},"uyu_usd":{"sell":0.04348686370564611,"buy":0.04348686370564611},"uyu_ars":{"sell":0.5457270099201228,"buy":0.5501684359023411},"uyu_uyu":{"sell":1,"buy":1},"uyu_brl":{"sell":0.09687351193388258,"buy":0.09687351193388255},"uyu_clp":{"sell":24.49827889179798,"buy":24.501564439921804},"uyu_sgd":{"sell":0.05399735479122445,"buy":0.05400459656149368},"uyu_eur":{"sell":0.03237510854664121,"buy":0.03237999287018707},"uyu_vef":{"sell":3.1658278717878225,"buy":3.166210105051041},"uyu_btc":{"sell":7.264640367793073e-05,"buy":7.270105608139313e-05},"uyu_ltc":{"sell":0.005653416628632742,"buy":0.0056313753742364935},"uyu_ftc":{"sell":1.4529280735586145,"buy":1.2116842680232187},"brl_usd":{"sell":0.44890355307162255,"buy":0.44890355307162255},"brl_ars":{"sell":5.633397602975193,"buy":5.679245285107846},"brl_uyu":{"sell":10.357691074586109,"buy":10.35980283470867},"brl_brl":{"sell":1,"buy":1},"brl_clp":{"sell":252.8893440811599,"buy":252.92325993760238},"brl_sgd":{"sell":0.5574006115116209,"buy":0.5574753664175252},"brl_eur":{"sell":0.3341998024056116,"buy":0.3342502220037903},"brl_vef":{"sell":32.68001550257144,"buy":32.68396119686485},"brl_btc":{"sell":0.0007499098796739489,"buy":0.0007504740421820626},"brl_ltc":{"sell":0.0583587454999182,"buy":0.058131219378935915},"brl_ftc":{"sell":14.998197593478977,"buy":12.507900703034377},"clp_usd":{"sell":0.0017748606956211525,"buy":0.0017748606956211525},"clp_ars":{"sell":0.022276136716805527,"buy":0.02245442070653742},"clp_uyu":{"sell":0.04095740416512769,"buy":0.0409602613743967},"clp_brl":{"sell":0.003967687581171349,"buy":0.003967964369067567},"clp_clp":{"sell":1,"buy":1},"clp_sgd":{"sell":0.0022041285034640843,"buy":0.0022041285034640843},"clp_eur":{"sell":0.0013215258381877753,"buy":0.0013215479750112809},"clp_vef":{"sell":0.12922654223059485,"buy":0.12922481390176677},"clp_btc":{"sell":2.9649700065504294e-06,"buy":2.9672005744636094e-06},"clp_ltc":{"sell":0.00023073696549030578,"buy":0.00022983737989648408},"clp_ftc":{"sell":0.05929940013100858,"buy":0.04945334290772682},"sgd_usd":{"sell":0.8052437472823024,"buy":0.8052437472823024},"sgd_ars":{"sell":10.106550812167068,"buy":10.187437198533242},"sgd_uyu":{"sell":18.58213080623821,"buy":18.583427105099425},"sgd_brl":{"sell":1.8001162704150846,"buy":1.8002418474382857},"sgd_clp":{"sell":455.29127538010175,"buy":455.3230367301831},"sgd_sgd":{"sell":1,"buy":1},"sgd_eur":{"sell":0.5995684172274075,"buy":0.5995784605726437},"sgd_vef":{"sell":58.62931404747861,"buy":58.628529914963025},"sgd_btc":{"sell":0.0013451892672730198,"buy":0.0013462012626760439},"sgd_ltc":{"sell":0.10468398967105212,"buy":0.10427585303455027},"sgd_ftc":{"sell":26.903785345460395,"buy":22.436687711267396},"eur_usd":{"sell":1.3429939363823773,"buy":1.3429939363823773},"eur_ars":{"sell":16.856376222922034,"buy":16.990999291074353},"eur_uyu":{"sell":30.992511066823397,"buy":30.994153938336634},"eur_brl":{"sell":3.002353390692904,"buy":3.002512541426047},"eur_clp":{"sell":759.3650070587632,"buy":759.4052599810113},"eur_sgd":{"sell":1.6737380565914257,"buy":1.6738267792047004},"eur_eur":{"sell":1,"buy":1},"eur_vef":{"sell":97.78586123431744,"buy":97.7829154485774},"eur_btc":{"sell":0.0022440455434397334,"buy":0.002246447880471668},"eur_ltc":{"sell":0.17463389443110766,"buy":0.17400835634947082},"eur_ftc":{"sell":44.880910868794665,"buy":37.44079800786113},"vef_usd":{"sell":0.013790440466668507,"buy":0.013790440466668507},"vef_ars":{"sell":0.17238050583335635,"buy":0.17375954988002318},"vef_uyu":{"sell":0.3169426609902039,"buy":0.31696901034451164},"vef_brl":{"sell":0.030703348651791015,"buy":0.030705901206279994},"vef_clp":{"sell":7.765591032011773,"buy":7.7662366324142935},"vef_sgd":{"sell":0.017116360539902224,"buy":0.017117783526151266},"vef_eur":{"sell":0.010260373083943276,"buy":0.010257964138603413},"vef_vef":{"sell":1,"buy":1},"vef_btc":{"sell":2.309144265278295e-05,"buy":2.313133695640328e-05},"vef_ltc":{"sell":0.001785881102303399,"buy":0.0017862036259770873},"vef_ftc":{"sell":0.46049488986103804,"buy":0.38406636328533367},"btc_usd":{"sell":597.22,"buy":596.19},"btc_ars":{"sell":7465.25,"buy":7511.994000000001},"btc_uyu":{"sell":13762.086961500001,"buy":13747.369873500002},"btc_brl":{"sell":1333.1816955000002,"buy":1331.7559995000001},"btc_clp":{"sell":337192.660515,"buy":336832.068835},"btc_sgd":{"sell":743.2159542,"buy":742.4211638},"btc_eur":{"sell":445.62375435,"buy":445.14720715},"btc_vef":{"sell":43306.81108,"buy":43232.121660000004},"btc_btc":{"sell":1,"buy":1},"btc_ltc":{"sell":77.39938080495357,"buy":77.22007722007721},"btc_ftc":{"sell":20000.0,"buy":16666.666666666668},"ltc_usd":{"sell":7.721925300000001,"buy":7.7205309999999985},"ltc_ars":{"sell":96.76650375,"buy":97.59850379999999},"ltc_uyu":{"sell":176.88418626982502,"buy":177.57651258252},"ltc_brl":{"sell":17.135392329525,"buy":17.202460410839997},"ltc_clp":{"sell":4333.93928829325,"buy":4350.902366057199},"ltc_sgd":{"sell":9.55255911761,"buy":9.589947920815998},"ltc_eur":{"sell":5.7262652433975,"buy":5.746850444306499},"ltc_vef":{"sell":561.3541002341999,"buy":561.687135282},"ltc_btc":{"sell":0.01293,"buy":0.01295},"ltc_ltc":{"sell":1,"buy":1},"ltc_ftc":{"sell":257.0,"buy":215.16666666666666},"ftc_usd":{"sell":0.029934500000000003,"buy":0.035901},"ftc_ars":{"sell":0.37433750000000005,"buy":0.4524282},"ftc_uyu":{"sell":0.6882653162250001,"buy":0.8252975023200001},"ftc_brl":{"sell":0.066674678325,"buy":0.07994946743999999},"ftc_clp":{"sell":16.86357699725,"buy":20.2210799352},"ftc_sgd":{"sell":0.03716949073,"buy":0.044569858656},"ftc_eur":{"sell":0.0222811877175,"buy":0.026708832428999997},"ftc_vef":{"sell":2.171576758,"buy":2.6037166896},"ftc_btc":{"sell":5.0e-05,"buy":6.0e-05},"ftc_ltc":{"sell":0.0038910505836575876,"buy":0.004647560030983734},"ftc_ftc":{"sell":1,"buy":1}}